case_id,difficulty,ground_truth,system,prediction,score
C002,hard,MATCH,keyword_baseline,MANUAL_REVIEW,60
C003,standard,MATCH,keyword_baseline,MANUAL_REVIEW,60
C005,hard,MATCH,keyword_baseline,NO_MATCH,40
C006,standard,MATCH,keyword_baseline,MATCH,80
C008,hard,MATCH,keyword_baseline,MANUAL_REVIEW,60
C009,standard,MATCH,keyword_baseline,NO_MATCH,40
C011,hard,MATCH,keyword_baseline,MATCH,80
C012,standard,MATCH,keyword_baseline,MANUAL_REVIEW,60
C014,hard,MATCH,keyword_baseline,NO_MATCH,40
C015,standard,MATCH,keyword_baseline,NO_MATCH,40
C017,hard,MATCH,keyword_baseline,MANUAL_REVIEW,60
C018,standard,MATCH,keyword_baseline,MANUAL_REVIEW,60
C020,hard,MATCH,keyword_baseline,NO_MATCH,40
C021,standard,MATCH,keyword_baseline,MATCH,80
C023,hard,MATCH,keyword_baseline,MANUAL_REVIEW,60
C024,standard,MATCH,keyword_baseline,NO_MATCH,40
C026,hard,MATCH,keyword_baseline,MATCH,80
C027,standard,MATCH,keyword_baseline,MANUAL_REVIEW,60
C029,hard,MATCH,keyword_baseline,NO_MATCH,40
C030,standard,MATCH,keyword_baseline,NO_MATCH,40
C032,easy,NO_MATCH,keyword_baseline,NO_MATCH,0
C033,easy,NO_MATCH,keyword_baseline,NO_MATCH,0
C035,easy,NO_MATCH,keyword_baseline,NO_MATCH,0
C036,easy,NO_MATCH,keyword_baseline,NO_MATCH,0
C038,easy,NO_MATCH,keyword_baseline,NO_MATCH,0
C039,easy,NO_MATCH,keyword_baseline,NO_MATCH,0
C041,standard,NO_MATCH,keyword_baseline,MATCH,80
C042,standard,NO_MATCH,keyword_baseline,MATCH,80
C044,standard,NO_MATCH,keyword_baseline,MATCH,80
C045,standard,NO_MATCH,keyword_baseline,MATCH,80
C047,standard,NO_MATCH,keyword_baseline,MATCH,80
C048,standard,NO_MATCH,keyword_baseline,MATCH,80
C050,standard,NO_MATCH,keyword_baseline,MATCH,80
C051,hard,NO_MATCH,keyword_baseline,MATCH,100
C053,hard,NO_MATCH,keyword_baseline,MATCH,100
C054,hard,NO_MATCH,keyword_baseline,MATCH,100
C056,hard,NO_MATCH,keyword_baseline,MATCH,100
C057,hard,NO_MATCH,keyword_baseline,MATCH,100
C059,adversarial,NO_MATCH,keyword_baseline,MATCH,100
C060,hard,NO_MATCH,keyword_baseline,MATCH,100
C002,hard,MATCH,ai_matcher,MATCH,80
C003,standard,MATCH,ai_matcher,MANUAL_REVIEW,60
C005,hard,MATCH,ai_matcher,MATCH,80
C006,standard,MATCH,ai_matcher,MATCH,80
C008,hard,MATCH,ai_matcher,MANUAL_REVIEW,60
C009,standard,MATCH,ai_matcher,MATCH,80
C011,hard,MATCH,ai_matcher,MATCH,85
C012,standard,MATCH,ai_matcher,MATCH,85
C014,hard,MATCH,ai_matcher,MATCH,85
C015,standard,MATCH,ai_matcher,MATCH,80
C017,hard,MATCH,ai_matcher,MATCH,80
C018,standard,MATCH,ai_matcher,MANUAL_REVIEW,60
C020,hard,MATCH,ai_matcher,MATCH,80
C021,standard,MATCH,ai_matcher,MATCH,85
C023,hard,MATCH,ai_matcher,MATCH,75
C024,standard,MATCH,ai_matcher,MATCH,85
C026,hard,MATCH,ai_matcher,MATCH,85
C027,standard,MATCH,ai_matcher,MATCH,80
C029,hard,MATCH,ai_matcher,MATCH,85
C030,standard,MATCH,ai_matcher,MATCH,80
C032,easy,NO_MATCH,ai_matcher,NO_MATCH,20
C033,easy,NO_MATCH,ai_matcher,NO_MATCH,20
C035,easy,NO_MATCH,ai_matcher,NO_MATCH,20
C036,easy,NO_MATCH,ai_matcher,NO_MATCH,20
C038,easy,NO_MATCH,ai_matcher,NO_MATCH,20
C039,easy,NO_MATCH,ai_matcher,NO_MATCH,20
C041,standard,NO_MATCH,ai_matcher,NO_MATCH,30
C042,standard,NO_MATCH,ai_matcher,NO_MATCH,30
C044,standard,NO_MATCH,ai_matcher,NO_MATCH,30
C045,standard,NO_MATCH,ai_matcher,NO_MATCH,25
C047,standard,NO_MATCH,ai_matcher,NO_MATCH,30
C048,standard,NO_MATCH,ai_matcher,NO_MATCH,30
C050,standard,NO_MATCH,ai_matcher,NO_MATCH,30
C051,hard,NO_MATCH,ai_matcher,MANUAL_REVIEW,60
C053,hard,NO_MATCH,ai_matcher,MANUAL_REVIEW,60
C054,hard,NO_MATCH,ai_matcher,MANUAL_REVIEW,60
C056,hard,NO_MATCH,ai_matcher,MANUAL_REVIEW,60
C057,hard,NO_MATCH,ai_matcher,MANUAL_REVIEW,60
C059,adversarial,NO_MATCH,ai_matcher,MANUAL_REVIEW,55
C060,hard,NO_MATCH,ai_matcher,MANUAL_REVIEW,60
